Schema,SubSchema,SubSchema Type,Key Properties,Property Title,Description,Property Type,Format,Required,Options
Countries,Country,object,CountryCode,Country Code,ISO 3-letter country code,string,text,True,
Countries,Country,object,CountryName,Country Name,Full name of the country,string,text,True,
Countries,Country,object,Region,Region,Geographic region,string,text,False,
Countries,Country,object,Currency,Currency,Primary currency code,string,text,False,
Countries,Country,object,Language,Language,Primary language,string,text,False,
Countries,Country,object,Active,Active,Whether the country is active for shipments,boolean,checkbox,True,
Countries,Country,object,Notes,Notes,Additional country information,string,textarea,False,
Cities,City,object,CityCode,City Code,Unique identifier for the city,string,text,True,
Cities,City,object,CityName,City Name,Full name of the city,string,text,True,
Cities,City,object,CountryCode,Country Code,Country where city is located,string,text,True,
Cities,City,object,StateProvince,State/Province,State or province of the city,string,text,False,
Cities,City,object,Timezone,Timezone,Timezone of the city,string,text,False,
Cities,City,object,Active,Active,Whether the city is active for shipments,boolean,checkbox,True,
Cities,City,object,Notes,Notes,Additional city information,string,textarea,False,
Ports,Port,object,PortCode,Port Code,Unique identifier for the port,string,text,True,
Ports,Port,object,PortName,Port Name,Full name of the port,string,text,True,
Ports,Port,object,PortType,Port Type,Type of port facility,enum,select,True,"[""Airport"",""Seaport"",""Rail Terminal"",""Road Terminal"",""Multimodal""]"
Ports,Port,object,Country,Country,Country where port is located,string,text,True,
Ports,Port,object,City,City,City where port is located,string,text,True,
Ports,Port,object,Region,Region,Geographic region of the port,string,text,False,
Ports,Port,object,Active,Active,Whether the port is currently active,boolean,checkbox,True,
Ports,Port,object,Notes,Notes,Additional information about the port,string,textarea,False,
PortConnections,Connection,array,OriginPort,Origin Port,Port code of origin,string,text,True,
PortConnections,Connection,array,DestinationPort,Destination Port,Port code of destination,string,text,True,
PortConnections,Connection,array,TransportMode,Transport Mode,Available transport modes between ports,enum,select,True,"[""Air"",""Sea"",""Rail"",""Road"",""Multimodal""]"
PortConnections,Connection,array,TransitTime,Transit Time,Average transit time in days,number,integer,True,
PortConnections,Connection,array,Active,Active,Whether this connection is currently active,boolean,checkbox,True,
PortConnections,Connection,array,Notes,Notes,Additional information about the connection,string,textarea,False,
Organizations,Organization,object,OrgCode,Organization Code,Unique identifier for the organization,string,text,True,
Organizations,Organization,object,OrgName,Organization Name,Full name of the organization,string,text,True,
Organizations,Organization,object,OrgType,Organization Type,Type of organization,enum,select,True,"[""Buyer"",""Seller"",""Carrier"",""Customs Broker"",""Insurance Provider"",""Warehouse"",""Other""]"
Organizations,Organization,object,Country,Country,Country of organization registration,string,text,True,
Organizations,Organization,object,City,City,City of organization location,string,text,False,
Organizations,Organization,object,ContactPerson,Contact Person,Primary contact person,string,text,False,
Organizations,Organization,object,Phone,Phone Number,Contact phone number,string,phone,False,
Organizations,Organization,object,Email,Email,Contact email address,string,email,False,
Organizations,Organization,object,Website,Website,Organization website URL,string,url,False,
Organizations,Organization,object,Active,Active,Whether the organization is currently active,boolean,checkbox,True,
Organizations,Organization,object,Rating,Rating,Service quality rating (1-5),number,integer,False,
Organizations,Organization,object,Notes,Notes,Additional organization information,string,textarea,False,
Carriers,Carrier,object,CarrierCode,Carrier Code,Unique identifier for the carrier,string,text,True,
Carriers,Carrier,object,CarrierName,Carrier Name,Full name of the carrier company,string,text,True,
Carriers,Carrier,object,CarrierType,Carrier Type,Type of carrier service,enum,select,True,"[""Air Freight"",""Ocean Freight"",""Rail Freight"",""Road Freight"",""Express"",""Multimodal""]"
Carriers,Carrier,object,Country,Country,Country of carrier registration,string,text,True,
Carriers,Carrier,object,ContactPerson,Contact Person,Primary contact person,string,text,False,
Carriers,Carrier,object,Phone,Phone Number,Contact phone number,string,phone,False,
Carriers,Carrier,object,Email,Email,Contact email address,string,email,False,
Carriers,Carrier,object,Website,Website,Carrier website URL,string,url,False,
Carriers,Carrier,object,Active,Active,Whether the carrier is currently active,boolean,checkbox,True,
Carriers,Carrier,object,Rating,Rating,Service quality rating (1-5),number,integer,False,
Carriers,Carrier,object,Notes,Notes,Additional carrier information,string,textarea,False,
ItemTypes,ItemType,object,TypeCode,Type Code,Unique identifier for item type,string,text,True,
ItemTypes,ItemType,object,TypeName,Type Name,Name of the item type,string,text,True,
ItemTypes,ItemType,object,Category,Category,Category of the item type,string,text,False,
ItemTypes,ItemType,object,Description,Description,Description of the item type,string,textarea,False,
ItemTypes,ItemType,object,DangerousGoods,Dangerous Goods,Whether this type can contain dangerous goods,boolean,checkbox,False,
ItemTypes,ItemType,object,TemperatureSensitive,Temperature Sensitive,Whether this type requires temperature control,boolean,checkbox,False,
ItemTypes,ItemType,object,SpecialHandling,Special Handling,Special handling requirements,string,textarea,False,
ItemTypes,ItemType,object,Active,Active,Whether this item type is active,boolean,checkbox,True,
ItemTypes,ItemType,object,Notes,Notes,Additional item type information,string,textarea,False,
ShipmentTypes,Type,object,TypeCode,Type Code,Unique identifier for shipment type,string,text,True,
ShipmentTypes,Type,object,TypeName,Type Name,Name of the shipment type,string,text,True,
ShipmentTypes,Type,object,Description,Description,Description of the shipment type,string,textarea,False,
ShipmentTypes,Type,object,TransitTime,Transit Time,Average transit time in days,number,integer,False,
ShipmentTypes,Type,object,CostMultiplier,Cost Multiplier,Cost multiplier compared to standard,number,decimal,False,
ShipmentTypes,Type,object,SpecialRequirements,Special Requirements,Special requirements for this type,string,textarea,False,
ShipmentTypes,Type,object,Active,Active,Whether this shipment type is active,boolean,checkbox,True,
ShipmentTypes,Type,object,Notes,Notes,Additional shipment type information,string,textarea,False,
PriorityLevels,Level,object,LevelCode,Level Code,Unique identifier for priority level,string,text,True,
PriorityLevels,Level,object,LevelName,Level Name,Name of the priority level,string,text,True,
PriorityLevels,Level,object,Description,Description,Description of the priority level,string,textarea,False,
PriorityLevels,Level,object,TransitTime,Transit Time,Expected transit time in days,number,integer,False,
PriorityLevels,Level,object,CostMultiplier,Cost Multiplier,Cost multiplier for this priority,number,decimal,False,
PriorityLevels,Level,object,ColorCode,Color Code,Color code for UI display,string,text,False,
PriorityLevels,Level,object,Active,Active,Whether this priority level is active,boolean,checkbox,True,
PriorityLevels,Level,object,Notes,Notes,Additional priority level information,string,textarea,False,
TransportModes,Mode,object,ModeCode,Mode Code,Unique identifier for transport mode,string,text,True,
TransportModes,Mode,object,ModeName,Mode Name,Name of the transport mode,string,text,True,
TransportModes,Mode,object,Description,Description,Description of the transport mode,string,textarea,False,
TransportModes,Mode,object,TransitTime,Transit Time,Average transit time in days,number,integer,False,
TransportModes,Mode,object,CostMultiplier,Cost Multiplier,Cost multiplier for this mode,number,decimal,False,
TransportModes,Mode,object,Restrictions,Restrictions,Any restrictions for this mode,string,textarea,False,
TransportModes,Mode,object,Active,Active,Whether this transport mode is active,boolean,checkbox,True,
TransportModes,Mode,object,Notes,Notes,Additional transport mode information,string,textarea,False,
DocumentTypes,Type,object,DocTypeCode,Document Type Code,Unique identifier for document type,string,text,True,
DocumentTypes,Type,object,DocTypeName,Document Type Name,Name of the document type,string,text,True,
DocumentTypes,Type,object,Category,Category,Category of the document,string,text,False,
DocumentTypes,Type,object,Required,Required,Whether this document is required,boolean,checkbox,False,
DocumentTypes,Type,object,ApplicableStates,Applicable States,States where this document is applicable,array,array,False,
DocumentTypes,Type,object,Description,Description,Description of the document type,string,textarea,False,
DocumentTypes,Type,object,Template,Template,Document template if available,file,file,False,
DocumentTypes,Type,object,Active,Active,Whether this document type is active,boolean,checkbox,True,
DocumentTypes,Type,object,Notes,Notes,Additional document type information,string,textarea,False,
Users,User,object,UserID,User ID,Unique identifier for the user,string,text,True,
Users,User,object,Username,Username,User's login username,string,text,True,
Users,User,object,FullName,Full Name,User's full name,string,text,True,
Users,User,object,Email,Email,User's email address,string,email,True,
Users,User,object,Phone,Phone Number,User's phone number,string,phone,False,
Users,User,object,Organization,Organization,User's organization,string,text,True,
Users,User,object,Role,Role,User's role in the system,enum,select,True,"[""Buyer"",""Seller"",""ProjectManager"",""Logistics"",""DataAnalyst"",""Regulatory"",""Admin""]"
Users,User,object,Department,Department,User's department,string,text,False,
Users,User,object,Active,Active,Whether the user account is active,boolean,checkbox,True,
Users,User,object,LastLogin,Last Login,Date of last login,date,datetime,False,
Users,User,object,Notes,Notes,Additional user information,string,textarea,False,
Facilities,Facility,object,FacilityCode,Facility Code,Unique identifier for the facility,string,text,True,
Facilities,Facility,object,FacilityName,Facility Name,Name of the facility,string,text,True,
Facilities,Facility,object,FacilityType,Facility Type,Type of facility,enum,select,True,"[""Warehouse"",""Distribution Center"",""Cargo Terminal"",""Customs Office"",""Transit Hub"",""Other""]"
Facilities,Facility,object,Country,Country,Country where facility is located,string,text,True,
Facilities,Facility,object,City,City,City where facility is located,string,text,True,
Facilities,Facility,object,Address,Address,Complete facility address,string,textarea,False,
Facilities,Facility,object,ContactPerson,Contact Person,Primary contact person,string,text,False,
Facilities,Facility,object,Phone,Phone Number,Contact phone number,string,phone,False,
Facilities,Facility,object,Email,Email,Contact email address,string,email,False,
Facilities,Facility,object,Active,Active,Whether the facility is currently active,boolean,checkbox,True,
Facilities,Facility,object,Notes,Notes,Additional facility information,string,textarea,False,
ValidationRules,Rule,object,RuleCode,Rule Code,Unique identifier for the validation rule,string,text,True,
ValidationRules,Rule,object,RuleName,Rule Name,Name of the validation rule,string,text,True,
ValidationRules,Rule,object,FieldPath,Field Path,Path to the field being validated,string,text,True,
ValidationRules,Rule,object,RuleType,Rule Type,Type of validation rule,enum,select,True,"[""Required"",""MinLength"",""MaxLength"",""Pattern"",""Range"",""Custom""]"
ValidationRules,Rule,object,RuleValue,Rule Value,Value for the validation rule,string,text,False,
ValidationRules,Rule,object,ErrorMessage,Error Message,Error message to display,string,textarea,True,
ValidationRules,Rule,object,ApplicableStates,Applicable States,States where this rule applies,array,array,False,
ValidationRules,Rule,object,Active,Active,Whether this validation rule is active,boolean,checkbox,True,
ValidationRules,Rule,object,Notes,Notes,Additional rule information,string,textarea,False
